family,a_1,b_11,b_12,b_13
,0.02055,2.35241,0.59142,0.6909
Dipterocarpaceae,0.02548,2.25377,0.69531,0.95381
