family,genus,species,b_1,b_2,b_3,b_4,b_5
Pinaceae,Pseudotsuga,menziesii,0.149809111,0.900790279,1.021366311,0.133648456,3.67532829
Cupressaceae,Calocedrus,,0.451569966,0.831752493,1.056002686,0.216216295,7.00446878
Pinaceae,Pinus,ponderosa,0,1.00221381,0,0,0
Pinaceae,Pinus,lambertiana,0,1.04030514,0,0,0
Pinaceae,Abies,concolor,0.393048214,0.729932627,1 0978510098,0.120814754,1
Pinaceae,Abies,grandis,0.393048214,0.729932627,1 0978510098,0.120814754,1
