family,genus,species,b_0,b_1,b_2,b_3,b_4,b_5
Pinaceae,Pseudotsuga,menziesii,2.59959,-0.0072595,-0.00458228,-0.441557,1.61311,0.00467539
Pinaceae,Abies,grandis,2.71071,-0.00366952,-0.00455308,-0.505344,1.72963,0.0047274
Pinaceae,Abies,concolor,2.71071,-0.00366952,-0.00455308,-0.505344,1.72963,0.0047274
Pinaceae,Pinus,ponderosa,2.34665,-0.00206403,-0.00260411,-0.622085,3.09805,0.00426037
