"top_dsib","size_class","a","b"
0,"<= 22500",0.06439,0.00239
0,"> 22500",10.41663,0.00193
4,"<= 27900",-8.301,0.00232
4,"> 27900",13.1132,0.00182
