family,genus,species,b_1,b_2,b_3,b_4,b_5,b_6,b_7,k
Pinaceae,Pseudotsuga,menziesii,0.001244856,0.346490193,-0.56574969,0.632239239,-0.152406551,4.55802463,-0.051186711,1
Cupressaceae,Calocedrus,,0.000907633,0.342846727,-0.638653879,1.5857204,0,0,0,1
Pinaceae,Pinus,ponderosa,0.001276777,0.162198194,1,0,0,0,0,0
Pinaceae,Pinus,lambertiana,0.000855844,0.388366991,1,0,0,0,0,0
Pinaceae,Abies,concolor,0.001333973,0.357808283,-0.755355039,0.5,-0.261766125,1,0,1
Pinaceae,Abies,grandis,0.001333973,0.357808283,-0.755355039,0.5,-0.261766125,1,0,1
